Metric,Value
Accuracy,0.9746376811594203
Precision,0.9206773618538325
Recall,0.9166666666666669
F1-score,0.9156989247311828
