,precision,recall,f1-score,support
PCB OK,0.7058823529411765,0.8571428571428571,0.7741935483870968,14.0
PCB_Missing_CP2102,1.0,1.0,1.0,14.0
PCB_Missing_Capacitor,1.0,1.0,1.0,118.0
PCB_Missing_ESP32,1.0,1.0,1.0,14.0
PCB_Missing_Resistor,1.0,1.0,1.0,102.0
PCB_Missing_USB,0.8181818181818182,0.6428571428571429,0.72,14.0
accuracy,0.9746376811594203,0.9746376811594203,0.9746376811594203,0.9746376811594203
macro avg,0.9206773618538325,0.9166666666666669,0.9156989247311828,276.0
weighted avg,0.9758583275207315,0.9746376811594203,0.9743431510051427,276.0
