Metric,Value
Accuracy,0.9635416666666666
Precision,0.9206773618538325
Recall,0.9166666666666669
F1-score,0.9156989247311828
